{
    "alpha": 100,
    "hidden_states": {
        "USA": [
            0.0,
            1.3715679906485911,
            2.8448234193220507,
            4.436060504600173,
            6.1658336960784315,
            8.060585849238155,
            10.155137179542404,
            12.496646353838367,
            15.15123051482934,
            18.21572302878055,
            21.84024837341853,
            26.276308878018703,
            31.995385552960933,
            40.05597140219903,
            53.835633926379465,
            Infinity
        ]
    },
    "model": {
        "N0": 18518.51851851852,
        "class": "SMCModel",
        "knots": [
            2.7e-05,
            4.961820491993012e-05,
            9.118393553615471e-05,
            0.00016756974810513416,
            0.0003079448185133933,
            0.0005659136707047496,
            0.0010399859437043748,
            0.001911193913650762,
            0.0035122226388609903,
            0.006454451208126753,
            0.011861417877426806,
            0.021797861588262437,
            0.04005817641121033,
            0.07361536318111649,
            0.1352837842805821,
            0.24861253817694606,
            0.4568780690713948,
            0.8396099872076463,
            1.3715679906485911,
            4.436060504600173,
            8.060585849238155,
            12.496646353838367,
            18.21572302878055,
            26.276308878018703,
            40.05597140219903
        ],
        "pid": "USA",
        "spline_class": "Piecewise",
        "y": [
            3.0295822444813867,
            2.484040994935131,
            1.9384736801963827,
            1.379098555743777,
            0.8018327739754691,
            0.23500719016481342,
            -0.2629595516120789,
            -0.6386256954640558,
            -0.8759233163466618,
            -0.9853155522483921,
            -0.9893965237290154,
            -0.9427651769012764,
            -0.9212864933295348,
            -1.2266587334839698,
            -2.672123208647516,
            -2.697339403154124,
            0.21607053246106786,
            2.2200739981267947,
            0.9214434382506664,
            0.061764363465798285,
            0.813424163746385,
            1.2970480040087429,
            1.122171177125522,
            0.5385776040359609,
            -0.07519611933406023
        ]
    },
    "rho": 4.997307764241483e-06,
    "theta": 0.0001
}