{
    "alpha": 100,
    "hidden_states": {
        "CENAM": [
            0.0,
            1.1795161658528202,
            2.446481133246798,
            3.814907546364302,
            5.302471747715034,
            6.9319139701742,
            8.733178778879793,
            10.746821516538542,
            13.029701368542854,
            15.665092749053986,
            18.782099172863887,
            22.597006719228187,
            27.515277951743673,
            34.44719192191781,
            46.29737712460756,
            Infinity
        ]
    },
    "model": {
        "N0": 18518.51851851852,
        "class": "SMCModel",
        "knots": [
            2.7e-05,
            4.961820491992986e-05,
            9.118393553615376e-05,
            0.00016756974810513156,
            0.0003079448185133869,
            0.0005659136707047348,
            0.0010399859437043423,
            0.0019111939136506925,
            0.003512222638860844,
            0.006454451208126451,
            0.011861417877426188,
            0.021797861588261188,
            0.04005817641120783,
            0.0736153631811115,
            0.13528378428057222,
            0.2486125381769266,
            0.45687806907135664,
            0.839609987207572,
            1.1795161658528202,
            3.814907546364302,
            6.9319139701742,
            10.746821516538542,
            15.665092749053986,
            22.597006719228187,
            34.44719192191781
        ],
        "pid": "CENAM",
        "spline_class": "Piecewise",
        "y": [
            2.076884383712244,
            0.7640614881708419,
            -0.5505920585246135,
            -1.8035961365608748,
            -2.7603421891948545,
            -3.120290198446343,
            -2.826447024893836,
            -2.278070866260869,
            -2.023583231321537,
            -2.276587303737124,
            -2.6821565259443223,
            -2.5128259076042307,
            -1.6954926511368305,
            -1.636970325159103,
            -2.6829403518734978,
            1.0518278276247859,
            4.178938968729784,
            3.767474888078995,
            -2.0046039897749988,
            -4.497332930398462,
            -4.735254087923298,
            -3.832947173707524,
            -2.672524249416087,
            -1.6978066382371066,
            -0.9190591500080824
        ]
    },
    "rho": 0.007510624677289992,
    "theta": 0.0001
}