{
    "alpha": 100,
    "hidden_states": {
        "CENAM": [
            0.0,
            1.1542490258554725,
            2.394073558781772,
            3.733186069506665,
            5.188884244753885,
            6.7834211849079935,
            8.546099994191557,
            10.516607254414701,
            12.750584135448692,
            15.329521179099544,
            18.379756294500865,
            22.112942364007534,
            26.92585628869242,
            33.709277473600345,
            45.30561258319329,
            Infinity
        ]
    },
    "model": {
        "N0": 18518.51851851852,
        "class": "SMCModel",
        "knots": [
            2.7e-05,
            4.961820491992978e-05,
            9.118393553615348e-05,
            0.00016756974810513078,
            0.000307944818513385,
            0.0005659136707047305,
            0.0010399859437043326,
            0.0019111939136506714,
            0.0035122226388608,
            0.00645445120812636,
            0.011861417877426002,
            0.021797861588260813,
            0.040058176411207076,
            0.07361536318111,
            0.13528378428056928,
            0.2486125381769208,
            0.4568780690713453,
            0.8396099872075499,
            1.1542490258554725,
            3.733186069506665,
            6.7834211849079935,
            10.516607254414701,
            15.329521179099544,
            22.112942364007534,
            33.709277473600345
        ],
        "pid": "CENAM",
        "spline_class": "Piecewise",
        "y": [
            -0.0453091847463601,
            -0.04253564619731088,
            -0.0408035447064646,
            -0.04599218210054275,
            -0.06990358895481875,
            -0.1290001964609026,
            -0.24364930801775855,
            -0.44386175717454784,
            -0.7810866254837158,
            -1.3245565855458097,
            -2.1503977519308926,
            -3.113571883198997,
            -2.4471876022980115,
            -2.565150507048507,
            -1.9853955223325692,
            2.4221665034271327,
            4.795335350599806,
            3.846172310850014,
            -1.977817727092412,
            -4.126050186907626,
            -3.7770594071783794,
            -2.3550847651425917,
            -1.0287825437006803,
            -0.34967238507225357,
            -0.12135799760666015
        ]
    },
    "rho": 0.008922055596842973,
    "theta": 0.0001
}