{
    "alpha": 100,
    "hidden_states": {
        "USA": [
            0.0,
            1.3223517648221803,
            2.742742098675735,
            4.2768805317059435,
            5.9445839544226775,
            7.771346368473009,
            9.790738529140672,
            12.048226900178992,
            14.607556130730273,
            17.562084897613676,
            21.05655073438074,
            25.33343126608668,
            30.84728926352141,
            38.61863563199435,
            51.90383999790215,
            Infinity
        ]
    },
    "model": {
        "N0": 18518.51851851852,
        "class": "SMCModel",
        "knots": [
            2.7e-05,
            4.961820491993009e-05,
            9.118393553615462e-05,
            0.00016756974810513392,
            0.0003079448185133927,
            0.0005659136707047482,
            0.0010399859437043716,
            0.0019111939136507554,
            0.0035122226388609764,
            0.006454451208126724,
            0.011861417877426747,
            0.02179786158826232,
            0.040058176411210095,
            0.07361536318111601,
            0.13528378428058116,
            0.2486125381769442,
            0.45687806907139117,
            0.8396099872076394,
            1.3223517648221803,
            4.2768805317059435,
            7.771346368473009,
            12.048226900178992,
            17.562084897613676,
            25.33343126608668,
            38.61863563199435
        ],
        "pid": "USA",
        "spline_class": "Piecewise",
        "y": [
            2.6887453418289184,
            1.84934775587789,
            1.0099267482542935,
            0.20552712509223903,
            -0.5041281194798622,
            -1.0565941442815563,
            -1.4099679965034915,
            -1.5672426142388114,
            -1.5918865523641867,
            -1.5959695161003011,
            -1.6603884111035063,
            -1.7123737643403851,
            -1.4809686460416145,
            -1.3953838165581969,
            -2.656623297934293,
            -2.433946916091237,
            1.4446839300497551,
            1.9492767847648538,
            -1.5171604044174032,
            -2.0171238424225644,
            -0.04959372581331814,
            1.4701997420174875,
            1.947567485055215,
            1.4554045588298654,
            0.4215409273035693
        ]
    },
    "rho": 0.00999381415392423,
    "theta": 0.0001
}