{
    "alpha": 100,
    "hidden_states": {
        "CENAM": [
            0.0,
            1.1330934757690239,
            2.3501939955775226,
            3.6647627023593765,
            5.0937802437335185,
            6.659091856123427,
            8.389463564425471,
            10.323854558482845,
            12.516886193958873,
            15.04855542054889,
            18.04288457431294,
            21.707647276672315,
            26.432348138738405,
            33.091439994861766,
            44.47523271305134,
            Infinity
        ]
    },
    "model": {
        "N0": 18518.51851851852,
        "class": "SMCModel",
        "knots": [
            2.7e-05,
            4.961820491992968e-05,
            9.118393553615313e-05,
            0.0001675697481051298,
            0.0003079448185133826,
            0.000565913670704725,
            0.0010399859437043204,
            0.0019111939136506454,
            0.0035122226388607453,
            0.006454451208126246,
            0.011861417877425772,
            0.02179786158826035,
            0.040058176411206146,
            0.07361536318110816,
            0.13528378428056562,
            0.24861253817691362,
            0.4568780690713312,
            0.8396099872075223,
            1.1330934757690239,
            3.6647627023593765,
            6.659091856123427,
            10.323854558482845,
            15.04855542054889,
            21.707647276672315,
            33.091439994861766
        ],
        "pid": "CENAM",
        "spline_class": "Piecewise",
        "y": [
            1.2140746401621945,
            0.007650877108788254,
            -1.2036355279349986,
            -2.329524029387066,
            -3.087485727230203,
            -3.227377887071179,
            -2.8869073710779647,
            -2.618796848070148,
            -2.797158756671375,
            -3.211095610020114,
            -3.370429551904099,
            -3.1223268526053145,
            -1.9828686114158125,
            -1.9645585550285725,
            -1.8034582918760014,
            0.07779611913065727,
            3.4788245103869606,
            3.0303742078398788,
            -2.3384878850033206,
            -3.8803054948261315,
            -2.8469602560831095,
            -0.9180139587096375,
            0.3669226477544188,
            0.26512864559263666,
            -0.49246229300068317
        ]
    },
    "rho": 0.005122029811194995,
    "theta": 0.0001
}