{
    "alpha": 100,
    "hidden_states": {
        "ASIA": [
            0.0,
            0.9266916343713038,
            1.9220877724790513,
            2.997197504758025,
            4.165908321014857,
            5.4460861769517175,
            6.861257140978352,
            8.443283681709785,
            10.236837447543724,
            12.30734331793006,
            14.75623199012375,
            17.75342949488178,
            21.617489131102097,
            27.06357530805374,
            36.37372112122585,
            Infinity
        ]
    },
    "model": {
        "N0": 18518.51851851852,
        "class": "SMCModel",
        "knots": [
            2.7e-05,
            4.961820491993016e-05,
            9.118393553615486e-05,
            0.0001675697481051346,
            0.0003079448185133943,
            0.000565913670704752,
            0.00103998594370438,
            0.0019111939136507734,
            0.003512222638861014,
            0.006454451208126802,
            0.011861417877426906,
            0.02179786158826264,
            0.04005817641121074,
            0.07361536318111729,
            0.13528378428058369,
            0.24861253817694917,
            0.4568780690714009,
            0.8396099872076583,
            0.9266916343713038,
            2.997197504758025,
            5.4460861769517175,
            8.443283681709785,
            12.30734331793006,
            17.75342949488178,
            27.06357530805374
        ],
        "pid": "ASIA",
        "spline_class": "Piecewise",
        "y": [
            -4.862621238679841,
            -4.5972486503568675,
            -4.336095003742132,
            -4.064690975380814,
            -3.7568183723519537,
            -3.379070199026436,
            -2.903072065846744,
            -2.4541118355966343,
            -2.3796524044099794,
            -2.971726375508352,
            -2.1762544445338015,
            -2.6493418739976278,
            -1.7663654707540726,
            -2.37565056487618,
            -2.716466937664553,
            0.5100895428008442,
            3.334261079052088,
            2.0083404259719506,
            -1.1741924315316754,
            -3.407397408661907,
            -4.07711555525348,
            -3.672642698591364,
            -2.7291862814336754,
            -1.6975837666961189,
            -0.7517302814898532
        ]
    },
    "rho": 0.009994003642264958,
    "theta": 0.0001
}