{
    "alpha": 100,
    "hidden_states": {
        "USA": [
            0.0,
            1.344506124669154,
            2.78869333271041,
            4.348534347916243,
            6.04417806816029,
            7.901545615392597,
            9.954770181165873,
            12.25007996330888,
            14.852287573311745,
            17.856315796558466,
            21.40932706403482,
            25.757861411951062,
            31.364097245200686,
            39.26564286059322,
            52.773424309235494,
            Infinity
        ]
    },
    "model": {
        "N0": 18518.51851851852,
        "class": "SMCModel",
        "knots": [
            2.7e-05,
            4.961820491993011e-05,
            9.118393553615469e-05,
            0.0001675697481051341,
            0.0003079448185133931,
            0.0005659136707047491,
            0.0010399859437043738,
            0.00191119391365076,
            0.003512222638860986,
            0.006454451208126744,
            0.011861417877426788,
            0.021797861588262402,
            0.04005817641121026,
            0.07361536318111635,
            0.13528378428058183,
            0.24861253817694554,
            0.4568780690713938,
            0.8396099872076445,
            1.344506124669154,
            4.348534347916243,
            7.901545615392597,
            12.25007996330888,
            17.856315796558466,
            25.757861411951062,
            39.26564286059322
        ],
        "pid": "USA",
        "spline_class": "Piecewise",
        "y": [
            2.5554264246346268,
            2.382635957094575,
            2.207442407709327,
            1.9840571822361446,
            1.6294281943370725,
            1.0783202543990862,
            0.3879984051698921,
            -0.2806245420509434,
            -0.7165145212744035,
            -0.7814349879696021,
            -0.5929234889720856,
            -0.48047229570200983,
            -0.804955155256176,
            -1.7014110362432928,
            -2.891302816326611,
            -2.64143680168413,
            0.4911625999802449,
            1.5897628673054833,
            -1.45982835950322,
            -2.605148481523686,
            -1.6098735354620024,
            0.2782848717082961,
            0.9627400866632034,
            0.57016214086759,
            -0.2629073563748494
        ]
    },
    "rho": 0.009993725877515843,
    "theta": 0.0001
}