{
    "alpha": 100,
    "hidden_states": {
        "CENAM": [
            0.0,
            1.1866809998469396,
            2.46134199882619,
            3.83808075930018,
            5.334680996668754,
            6.974021076711325,
            8.786227459349902,
            10.812101836011545,
            13.108848776608326,
            15.760248536061217,
            18.89618885347236,
            22.73426961277254,
            27.68241631282225,
            34.656437389533515,
            46.578605166294615,
            Infinity
        ]
    },
    "model": {
        "N0": 18518.51851851852,
        "class": "SMCModel",
        "knots": [
            2.7e-05,
            4.961820491992988e-05,
            9.118393553615383e-05,
            0.00016756974810513175,
            0.0003079448185133874,
            0.0005659136707047359,
            0.0010399859437043447,
            0.0019111939136506975,
            0.0035122226388608546,
            0.006454451208126473,
            0.011861417877426233,
            0.021797861588261278,
            0.04005817641120801,
            0.07361536318111186,
            0.13528378428057294,
            0.24861253817692802,
            0.4568780690713594,
            0.8396099872075774,
            1.1866809998469396,
            3.83808075930018,
            6.974021076711325,
            10.812101836011545,
            15.760248536061217,
            22.73426961277254,
            34.656437389533515
        ],
        "pid": "CENAM",
        "spline_class": "Piecewise",
        "y": [
            -6.443781379820095,
            -3.499744791002579,
            -0.9334582642198754,
            0.857953553949776,
            1.7321604984871444,
            1.857871262804192,
            1.6022921649350808,
            1.3097581776722702,
            1.1087439667295431,
            0.851586777037511,
            0.19395872100690126,
            -1.232059405638473,
            -3.05462666867725,
            -3.1761574635255134,
            -1.2522592039254332,
            3.2460366103956404,
            5.659211429992815,
            4.237676414029798,
            -1.8181723268925332,
            -3.9583637275865162,
            -3.5399621759188546,
            -2.1598755940884997,
            -1.1057472498302214,
            -0.9361107417759116,
            -1.369453193585923
        ]
    },
    "rho": 0.008882417391059381,
    "theta": 0.0001
}