{
    "alpha": 100,
    "hidden_states": {
        "AUS": [
            0.0,
            1.0001213618351381,
            2.0743912745930215,
            3.234691173381254,
            4.496008972952286,
            5.877626301934885,
            7.404933400948355,
            9.112317475316182,
            11.047989891337375,
            13.282559702883235,
            15.92549483143686,
            19.16018600481812,
            23.33042823238521,
            29.208054534320038,
            39.25592306382208,
            Infinity
        ]
    },
    "model": {
        "N0": 18518.51851851852,
        "class": "SMCModel",
        "knots": [
            2.7e-05,
            4.961820491992836e-05,
            9.118393553614826e-05,
            0.00016756974810511638,
            0.0003079448185133497,
            0.0005659136707046494,
            0.0010399859437041539,
            0.0019111939136502885,
            0.003512222638859996,
            0.006454451208124697,
            0.011861417877422608,
            0.02179786158825395,
            0.040058176411193316,
            0.07361536318108261,
            0.13528378428051505,
            0.24861253817681403,
            0.456878069071136,
            0.8396099872071411,
            1.0001213618351381,
            3.234691173381254,
            5.877626301934885,
            9.112317475316182,
            13.282559702883235,
            19.16018600481812,
            29.208054534320038
        ],
        "pid": "AUS",
        "spline_class": "Piecewise",
        "y": [
            -0.7797891108008778,
            -0.8554722118026157,
            -0.9377044624326475,
            -1.0385769762520807,
            -1.196207942822687,
            -1.4424640076589539,
            -1.7899202294963836,
            -2.214065450259183,
            -2.6373219124759655,
            -2.9185330095368407,
            -2.901801371216593,
            -2.6485444319683666,
            -2.0736828186226455,
            -2.0692703628484423,
            -1.9167364119165033,
            -0.04884485579944157,
            3.279904728666779,
            2.6681537955156713,
            -1.2895655747788817,
            -2.0896721285626345,
            -1.3677268432052818,
            -0.5693421440128608,
            -0.4485926794780803,
            -0.6441073379071831,
            -0.6671922583337193
        ]
    },
    "rho": 0.00999589756982452,
    "theta": 0.0001
}