{
    "alpha": 100,
    "hidden_states": {
        "ASIA": [
            0.0,
            0.9358730560763298,
            1.941131322392152,
            3.026892964610862,
            4.2071830662062935,
            5.500044594161802,
            6.929236707105195,
            8.526937558772707,
            10.338261392732838,
            12.42928130126699,
            14.902432930817925,
            17.92932589542879,
            21.831669637923113,
            27.331714232084845,
            36.734102568741044,
            Infinity
        ]
    },
    "model": {
        "N0": 18518.51851851852,
        "class": "SMCModel",
        "knots": [
            2.7e-05,
            4.9618204919930144e-05,
            9.118393553615482e-05,
            0.00016756974810513446,
            0.000307944818513394,
            0.0005659136707047512,
            0.0010399859437043783,
            0.0019111939136507697,
            0.0035122226388610064,
            0.006454451208126787,
            0.011861417877426875,
            0.021797861588262576,
            0.040058176411210615,
            0.07361536318111706,
            0.1352837842805832,
            0.24861253817694826,
            0.4568780690713991,
            0.8396099872076549,
            0.9358730560763298,
            3.026892964610862,
            5.500044594161802,
            8.526937558772707,
            12.42928130126699,
            17.92932589542879,
            27.331714232084845
        ],
        "pid": "ASIA",
        "spline_class": "Piecewise",
        "y": [
            -1.0262324202718807,
            -1.0228317847535502,
            -1.0227830948929848,
            -1.0285624023704645,
            -1.047945803495739,
            -1.0919187984128735,
            -1.1637092713690134,
            -1.2475527716956123,
            -1.2826936558770983,
            -1.1718031025484237,
            -0.9103600831717746,
            -0.7458419719363498,
            -1.3580500590088103,
            -3.705559321636488,
            -2.1797678158482303,
            2.4690018839488026,
            4.331494000759251,
            2.2443354168650145,
            -1.151337577440993,
            -3.172709998902293,
            -3.472734799843783,
            -2.583280577591451,
            -1.1796040261526461,
            0.09148157718808923,
            0.945125202050807
        ]
    },
    "rho": 0.009994403287180055,
    "theta": 0.0001
}