{
    "alpha": 100,
    "hidden_states": {
        "USA": [
            0.0,
            1.3301290181640983,
            2.7588732074475497,
            4.302034491713456,
            5.97954631213698,
            7.817052610278905,
            9.848321583794704,
            12.1190871019924,
            14.693468720524614,
            17.665374194073603,
            21.180392312639054,
            25.48242680435251,
            31.02871389643375,
            38.8457665067126,
            52.209106209072814,
            Infinity
        ]
    },
    "model": {
        "N0": 18518.51851851852,
        "class": "SMCModel",
        "knots": [
            2.7e-05,
            4.961820491993011e-05,
            9.118393553615469e-05,
            0.0001675697481051341,
            0.0003079448185133931,
            0.0005659136707047491,
            0.0010399859437043738,
            0.00191119391365076,
            0.003512222638860986,
            0.006454451208126744,
            0.011861417877426788,
            0.021797861588262402,
            0.04005817641121026,
            0.07361536318111635,
            0.13528378428058183,
            0.24861253817694554,
            0.4568780690713938,
            0.8396099872076445,
            1.3301290181640983,
            4.302034491713456,
            7.817052610278905,
            12.1190871019924,
            17.665374194073603,
            25.48242680435251,
            38.8457665067126
        ],
        "pid": "USA",
        "spline_class": "Piecewise",
        "y": [
            1.657743170335181,
            1.5734902294204898,
            1.4889698265155915,
            1.3595834097985378,
            1.1227962616814449,
            0.7341508855879856,
            0.19972499396580437,
            -0.4021651277538877,
            -0.9293395165363296,
            -1.2365340062877002,
            -1.3212379544672135,
            -1.3341062792851928,
            -1.3609675340586485,
            -1.6599159746426864,
            -2.355843939826069,
            -2.45979695938074,
            -0.16525566489603,
            -0.19165728625427417,
            -2.018422996949978,
            -3.244718159376677,
            -2.929202827511109,
            -1.7244091898517493,
            -0.5918966936808419,
            -0.33556624665439966,
            -0.6123820052309601
        ]
    },
    "rho": 0.009996215573560261,
    "theta": 0.0001
}