{
    "alpha": 100,
    "hidden_states": {
        "AUS": [
            0.0,
            0.9496878992809576,
            1.9697852351042748,
            3.0715742933784673,
            4.269287188144028,
            5.5812332267369955,
            7.031522287414282,
            8.652807520115505,
            10.490869120054144,
            12.612755514151273,
            15.1224144475098,
            18.193988740888265,
            22.153936734924073,
            27.735169961661008,
            37.27635118243388,
            Infinity
        ]
    },
    "model": {
        "N0": 18518.51851851852,
        "class": "SMCModel",
        "knots": [
            2.7e-05,
            4.961820491993014e-05,
            9.118393553615478e-05,
            0.00016756974810513435,
            0.0003079448185133937,
            0.0005659136707047506,
            0.001039985943704377,
            0.0019111939136507669,
            0.0035122226388610003,
            0.0064544512081267736,
            0.011861417877426847,
            0.02179786158826252,
            0.040058176411210504,
            0.07361536318111683,
            0.13528378428058277,
            0.24861253817694737,
            0.4568780690713974,
            0.8396099872076515,
            0.9496878992809576,
            3.0715742933784673,
            5.5812332267369955,
            8.652807520115505,
            12.612755514151273,
            18.193988740888265,
            27.735169961661008
        ],
        "pid": "AUS",
        "spline_class": "Piecewise",
        "y": [
            1.723529011942157,
            1.6394953252245923,
            1.5427517031617601,
            1.4140593592880266,
            1.2018972429053265,
            0.8563824869838575,
            0.3686297827962896,
            -0.24721521438199692,
            -0.9906345077157738,
            -1.9351805180405794,
            -2.9973784296350168,
            -2.358693607103523,
            -2.0347930835465524,
            -3.514989615183807,
            -1.047799846559695,
            3.0971890261119084,
            4.947939962668688,
            3.2798249819884973,
            -1.1921069353427496,
            -2.38636590148193,
            -2.4171868132479464,
            -1.8395448357195312,
            -1.2013522885388561,
            -0.8022149153011201,
            -0.5726893987965702
        ]
    },
    "rho": 0.009994466423946307,
    "theta": 0.0001
}