{
    "alpha": 100,
    "hidden_states": {
        "AUS": [
            0.0,
            1.0050355883075166,
            2.08458406609283,
            3.250585249441237,
            4.518100698174935,
            5.906506783714374,
            7.441318504930553,
            9.157092033155651,
            11.102275627511458,
            13.34782528864492,
            16.003746822918057,
            19.25433207235929,
            23.4450653278486,
            29.351572111562902,
            39.448812150766656,
            Infinity
        ]
    },
    "model": {
        "N0": 18518.51851851852,
        "class": "SMCModel",
        "knots": [
            2.7e-05,
            4.961820491992846e-05,
            9.118393553614862e-05,
            0.00016756974810511736,
            0.0003079448185133521,
            0.0005659136707046549,
            0.001039985943704166,
            0.0019111939136503145,
            0.0035122226388600505,
            0.00645445120812481,
            0.011861417877422838,
            0.021797861588254416,
            0.04005817641119425,
            0.07361536318108447,
            0.13528378428051874,
            0.2486125381768213,
            0.45687806907115025,
            0.839609987207169,
            1.0050355883075166,
            3.250585249441237,
            5.906506783714374,
            9.157092033155651,
            13.34782528864492,
            19.25433207235929,
            29.351572111562902
        ],
        "pid": "AUS",
        "spline_class": "Piecewise",
        "y": [
            1.5293731958586227,
            1.482758985706837,
            1.431010699413926,
            1.3633165901300617,
            1.2537541292043912,
            1.0963302670425548,
            0.9113881145586101,
            0.7327202558326832,
            0.5793154421716571,
            0.40617201721417406,
            -0.0870077669790412,
            -0.8274923073422502,
            -1.8408431450034248,
            -2.5742314511004176,
            -2.746412069713372,
            2.2905446586558242,
            3.8406185333106846,
            2.997436954372523,
            -1.0506162436304436,
            -2.546865800020399,
            -2.487295667564432,
            -1.5106961657062872,
            -0.5718481563964027,
            -0.13605367369621593,
            -0.1533924128749175
        ]
    },
    "rho": 0.009996345989150926,
    "theta": 0.0001
}