{
    "alpha": 100,
    "hidden_states": {
        "AUS": [
            0.0,
            0.9662310663986988,
            2.004098072358213,
            3.12507983650256,
            4.3436563903628445,
            5.678455981772601,
            7.154008473012434,
            8.803535818275202,
            10.67361568468138,
            12.832464454785029,
            15.385840600055065,
            18.510920436557626,
            22.539849073067494,
            28.218305054840027,
            37.925689673122555,
            Infinity
        ]
    },
    "model": {
        "N0": 18518.51851851852,
        "class": "SMCModel",
        "knots": [
            2.7e-05,
            4.961820491992762e-05,
            9.118393553614555e-05,
            0.0001675697481051089,
            0.0003079448185133314,
            0.0005659136707046073,
            0.001039985943704061,
            0.0019111939136500894,
            0.003512222638859578,
            0.006454451208123833,
            0.011861417877420843,
            0.021797861588250384,
            0.04005817641118617,
            0.07361536318106839,
            0.1352837842804869,
            0.2486125381767586,
            0.45687806907102735,
            0.8396099872069289,
            0.9662310663986988,
            3.12507983650256,
            5.678455981772601,
            8.803535818275202,
            12.832464454785029,
            18.510920436557626,
            28.218305054840027
        ],
        "pid": "AUS",
        "spline_class": "Piecewise",
        "y": [
            -0.41498554172581575,
            -0.45879961061492835,
            -0.5079355458027504,
            -0.5725868910549181,
            -0.6717560729788832,
            -0.8109253890025989,
            -0.976287043687579,
            -1.1435340239713745,
            -1.2955259723553898,
            -1.46015017730645,
            -1.7753728197990426,
            -2.286000474662363,
            -2.819108768038581,
            -2.820391198373263,
            -1.7586551938821902,
            2.612657236376779,
            4.387927390628528,
            2.8340425826291535,
            -1.5582479958511255,
            -3.2301067710400964,
            -2.6911350979959634,
            -1.173718031004772,
            0.04919621786029083,
            0.4458046372395125,
            0.6193156429891212
        ]
    },
    "rho": 0.008654637765795602,
    "theta": 0.0001
}