{
    "alpha": 100,
    "hidden_states": {
        "CENAM": [
            0.0,
            1.1634133361460688,
            2.4130816172333978,
            3.762826185934872,
            5.230082066208123,
            6.837279039823004,
            8.613952866809932,
            10.600105225757916,
            12.85181905684447,
            15.451231906632927,
            18.525684760521056,
            22.288510946455926,
            27.13963762733098,
            33.97691666715392,
            45.66532238785203,
            Infinity
        ]
    },
    "model": {
        "N0": 18518.51851851852,
        "class": "SMCModel",
        "knots": [
            2.7e-05,
            4.9618204919929825e-05,
            9.118393553615364e-05,
            0.0001675697481051312,
            0.000307944818513386,
            0.0005659136707047329,
            0.001039985943704338,
            0.0019111939136506832,
            0.0035122226388608247,
            0.00645445120812641,
            0.011861417877426105,
            0.021797861588261018,
            0.040058176411207486,
            0.07361536318111082,
            0.1352837842805709,
            0.248612538176924,
            0.45687806907135153,
            0.839609987207562,
            1.1634133361460688,
            3.762826185934872,
            6.837279039823004,
            10.600105225757916,
            15.451231906632927,
            22.288510946455926,
            33.97691666715392
        ],
        "pid": "CENAM",
        "spline_class": "Piecewise",
        "y": [
            -0.36978107101350016,
            -0.4960341821880819,
            -0.6491715407065312,
            -0.9792009545246977,
            -1.5304781076746508,
            -2.120034954842612,
            -2.3421817808093155,
            -1.9412074933266426,
            -1.3887170544976684,
            -1.3794021586582714,
            -2.294140210438064,
            -3.3206580478404795,
            -2.496354671914784,
            -2.502007945931995,
            -1.6051520800505148,
            2.6733290189568093,
            5.049560473726275,
            3.6886883918328417,
            -2.162744926076904,
            -4.105198505400679,
            -3.408534807141183,
            -1.6333443381040995,
            -0.12693098243636364,
            0.3529177257620972,
            0.14084186537023485
        ]
    },
    "rho": 0.007211777729266228,
    "theta": 0.0001
}