{
    "alpha": 100,
    "hidden_states": {
        "ASIA": [
            0.0,
            0.9398127432486182,
            1.9493027833834733,
            3.0396350895252855,
            4.224893785678115,
            5.52319779319232,
            6.95840628816268,
            8.56283288271765,
            10.38178173507871,
            12.481604081354993,
            14.965166785022022,
            18.00480187454731,
            21.9235730731847,
            27.446770866376955,
            36.888739858206726,
            Infinity
        ]
    },
    "model": {
        "N0": 18518.51851851852,
        "class": "SMCModel",
        "knots": [
            2.7e-05,
            4.9618204919930144e-05,
            9.118393553615482e-05,
            0.00016756974810513446,
            0.000307944818513394,
            0.0005659136707047512,
            0.0010399859437043783,
            0.0019111939136507697,
            0.0035122226388610064,
            0.006454451208126787,
            0.011861417877426875,
            0.021797861588262576,
            0.040058176411210615,
            0.07361536318111706,
            0.1352837842805832,
            0.24861253817694826,
            0.4568780690713991,
            0.8396099872076549,
            0.9398127432486182,
            3.0396350895252855,
            5.52319779319232,
            8.56283288271765,
            12.481604081354993,
            18.00480187454731,
            27.446770866376955
        ],
        "pid": "ASIA",
        "spline_class": "Piecewise",
        "y": [
            -1.7434941963078803,
            -1.7484139105830823,
            -1.7546858395674896,
            -1.7701014818731635,
            -1.8023394193878648,
            -1.8513315842493896,
            -1.8958553106940514,
            -1.8781865560227127,
            -1.6941849290610693,
            -1.2511067511352527,
            -0.7249683585688054,
            -0.6042462746619897,
            -1.4686758272049478,
            -3.204931550120647,
            -2.8659453096447507,
            -3.0819644987231736,
            -3.8160096438323214,
            -3.734881280543797,
            -2.444279148084901,
            -1.829187455308933,
            -0.37148743844348575,
            0.562952452265351,
            0.8761195834087591,
            0.932932121598108,
            1.0779808261183583
        ]
    },
    "rho": 0.00999337268280858,
    "theta": 0.0001
}