{
    "alpha": 100,
    "hidden_states": {
        "ASIA": [
            0.0,
            0.9338586143761523,
            1.9369530891841795,
            3.0203776585335116,
            4.1981272172812565,
            5.488205895407335,
            6.914321710586642,
            8.508583553940891,
            10.316008561836997,
            12.40252760599397,
            14.870355842867792,
            17.890733501401304,
            21.78467755345443,
            27.272883448861695,
            36.655033396322224,
            Infinity
        ]
    },
    "model": {
        "N0": 18518.51851851852,
        "class": "SMCModel",
        "knots": [
            2.7e-05,
            4.9618204919930164e-05,
            9.118393553615489e-05,
            0.00016756974810513465,
            0.0003079448185133945,
            0.0005659136707047523,
            0.0010399859437043807,
            0.0019111939136507749,
            0.003512222638861017,
            0.006454451208126809,
            0.01186141787742692,
            0.02179786158826267,
            0.0400581764112108,
            0.07361536318111742,
            0.13528378428058394,
            0.24861253817694967,
            0.4568780690714019,
            0.8396099872076602,
            0.9338586143761523,
            3.0203776585335116,
            5.488205895407335,
            8.508583553940891,
            12.40252760599397,
            17.890733501401304,
            27.272883448861695
        ],
        "pid": "ASIA",
        "spline_class": "Piecewise",
        "y": [
            0.07449273083606252,
            -0.6938139277612646,
            -1.4623621614737239,
            -2.2764712540036367,
            -3.1070535920194606,
            -3.799138140335566,
            -3.991345007557589,
            -3.333651172061386,
            -2.5104268649098764,
            -2.006689383118961,
            -3.222740484031506,
            -2.400269154081674,
            -1.2758472964132128,
            -2.493631624024366,
            -2.5160826110343373,
            2.6013585587123247,
            4.392909546995442,
            2.001172680884829,
            -1.1719468051024529,
            -3.163066150738389,
            -3.400756483217221,
            -2.4506915944946672,
            -1.114255796328359,
            -0.12528813098262595,
            0.3790514258279562
        ]
    },
    "rho": 0.009994406723211249,
    "theta": 0.0001
}