{
    "alpha": 100,
    "hidden_states": {
        "USA": [
            0.0,
            1.3536366477148305,
            2.8076313117009515,
            4.378065186303712,
            6.085224000291758,
            7.955204905606366,
            10.022372891845919,
            12.33327009191012,
            14.953149258863755,
            17.977577797452273,
            21.554717516754923,
            25.932782703058635,
            31.577090408600835,
            39.53229531420713,
            53.13180792535575,
            Infinity
        ]
    },
    "model": {
        "N0": 18518.51851851852,
        "class": "SMCModel",
        "knots": [
            2.7e-05,
            4.961820491993012e-05,
            9.118393553615471e-05,
            0.00016756974810513416,
            0.0003079448185133933,
            0.0005659136707047496,
            0.0010399859437043748,
            0.001911193913650762,
            0.0035122226388609903,
            0.006454451208126753,
            0.011861417877426806,
            0.021797861588262437,
            0.04005817641121033,
            0.07361536318111649,
            0.1352837842805821,
            0.24861253817694606,
            0.4568780690713948,
            0.8396099872076463,
            1.3536366477148305,
            4.378065186303712,
            7.955204905606366,
            12.33327009191012,
            17.977577797452273,
            25.932782703058635,
            39.53229531420713
        ],
        "pid": "USA",
        "spline_class": "Piecewise",
        "y": [
            0.7722227199981295,
            0.17844436746006265,
            -0.41548911774882524,
            -0.9605354940791516,
            -1.385230236128244,
            -1.6351642808383569,
            -1.7052118196493562,
            -1.6497538576003188,
            -1.564835773985997,
            -1.5455903976311867,
            -1.6265369761266268,
            -1.7463455752420889,
            -1.6604638866649497,
            -1.5160937126162852,
            -2.376416301786123,
            -2.8018429343357374,
            0.9112467071922816,
            1.8636572780341867,
            -1.382619858028601,
            -2.166445565823094,
            -0.34723078710722416,
            1.5596828548562363,
            1.9515926343472751,
            1.162741489724261,
            0.40594597843438895
        ]
    },
    "rho": 0.008901297837616897,
    "theta": 0.0001
}