{
    "alpha": 100,
    "hidden_states": {
        "ASIA": [
            0.0,
            0.8969323659691514,
            1.8603628968115316,
            2.9009471430518152,
            4.032126619243102,
            5.271193543555802,
            6.640918481103549,
            8.172140686607664,
            9.90809724757707,
            11.912112024659345,
            14.282358425163334,
            17.183305568215147,
            20.923276906266874,
            26.19447044982261,
            35.20563533143021,
            Infinity
        ]
    },
    "model": {
        "N0": 18518.51851851852,
        "class": "SMCModel",
        "knots": [
            2.7e-05,
            4.9618204919930144e-05,
            9.118393553615482e-05,
            0.00016756974810513446,
            0.000307944818513394,
            0.0005659136707047512,
            0.0010399859437043783,
            0.0019111939136507697,
            0.0035122226388610064,
            0.006454451208126787,
            0.011861417877426875,
            0.021797861588262576,
            0.040058176411210615,
            0.07361536318111706,
            0.1352837842805832,
            0.24861253817694826,
            0.4568780690713991,
            0.8396099872076549,
            0.8969323659691514,
            2.9009471430518152,
            5.271193543555802,
            8.172140686607664,
            11.912112024659345,
            17.183305568215147,
            26.19447044982261,
            27.0
        ],
        "pid": "ASIA",
        "spline_class": "Piecewise",
        "y": [
            -0.0454546287886472,
            -0.06118047436850061,
            -0.0798888290009381,
            -0.09842758136124549,
            -0.10921808088437665,
            -0.10710772103936918,
            -0.10238251915775945,
            -0.1419265783299472,
            -0.3018585828415939,
            -0.652271097295739,
            -1.2140816484916812,
            -1.9069065433859305,
            -2.382693906408611,
            -3.162889027949833,
            -2.117545307128081,
            2.4992731080153985,
            4.131680107798563,
            1.8531193303125655,
            -1.3547257303331792,
            -3.2454997597120685,
            -3.4339900730495754,
            -2.3952572620381867,
            -0.8662455661918742,
            0.2971859798759283,
            0.5875139680164283,
            0.2562665305518498
        ]
    },
    "rho": 0.009994008816172772,
    "theta": 0.0001
}