{
    "alpha": 100,
    "hidden_states": {
        "AUS": [
            0.0,
            0.980475752482365,
            2.033643539187457,
            3.1711514055148866,
            4.407692855229098,
            5.762170763581339,
            7.259476624971085,
            8.933322169096268,
            10.83097173552013,
            13.021647388552418,
            15.612666746618869,
            18.783818152133758,
            22.87214337158995,
            28.634314135171227,
            38.48481011820882,
            Infinity
        ]
    },
    "model": {
        "N0": 18518.51851851852,
        "class": "SMCModel",
        "knots": [
            2.7e-05,
            4.9618204919927955e-05,
            9.118393553614677e-05,
            0.0001675697481051123,
            0.00030794481851333967,
            0.0005659136707046264,
            0.0010399859437041031,
            0.0019111939136501797,
            0.0035122226388597673,
            0.006454451208124225,
            0.011861417877421645,
            0.021797861588252004,
            0.04005817641118942,
            0.07361536318107485,
            0.1352837842804997,
            0.2486125381767838,
            0.45687806907107675,
            0.8396099872070254,
            0.980475752482365,
            3.1711514055148866,
            5.762170763581339,
            8.933322169096268,
            13.021647388552418,
            18.783818152133758,
            28.634314135171227
        ],
        "pid": "AUS",
        "spline_class": "Piecewise",
        "y": [
            0.11614166317977082,
            0.002929871672424089,
            -0.11221405616937648,
            -0.24429078476050026,
            -0.40827234771197735,
            -0.6045440667336505,
            -0.8116102656604245,
            -1.0016321388232718,
            -1.1615911073746492,
            -1.3325821821982629,
            -1.653598884079211,
            -2.23688404327594,
            -2.9686157867425935,
            -3.0290179064161924,
            -1.2133935286118793,
            2.8907036493808893,
            4.778201099899117,
            3.146890836174468,
            -1.3223416242731254,
            -2.675961560561749,
            -1.90783806509023,
            -0.4573569317246435,
            0.3156173905078307,
            0.40750179482988536,
            0.13326307790516995
        ]
    },
    "rho": 0.009995886323232532,
    "theta": 0.0001
}